{
    "gearbox": 0.5,
    "transformer": 0.5,
    "hydraulic": 0.55,
    "generator": 0.7000000000000002,
    "pitch": 0.8500000000000003
}