{
    "kci": {
        "mean": 0.0011058332493935929,
        "std": 0.0018841473851456021
    },
    "rpfd": {
        "mean": 0.017679648625522758,
        "std": 0.028418690414690247
    },
    "hpg": {
        "mean": 7.212111621940646,
        "std": 503.5330244584606
    }
}