{
  "gearbox": {
    "targets": [
      "sensor_186_avg",
      "sensor_187_avg"
    ],
    "inputs": [
      "sensor_7_avg",
      "wind_speed_236_avg",
      "power_6_avg",
      "sensor_144_avg"
    ],
    "na": 3,
    "nb": 3,
    "n_samples": 1439011,
    "models": {
      "sensor_186_avg": {
        "beta": [
          -0.13742962805552458,
          0.4215988032710232,
          0.6976469669235124,
          0.13796637839911838,
          0.15825187142850292,
          -0.2860138609348359,
          -0.003344446608192901,
          0.013424474649254524,
          -0.0015871377466057555,
          -0.01874301286852548,
          0.0012918873571302616,
          0.017273557739108554,
          0.3594200135735862,
          0.09726898375990622,
          -0.5364211453462391,
          -0.011508338461392346,
          0.018207618717813828,
          0.011853716308859405
        ],
        "r2": 0.9095625590844326
      },
      "sensor_187_avg": {
        "beta": [
          -0.6591975309412542,
          0.08649904421490548,
          0.5566159514442559,
          0.6626990079243107,
          0.4912878377931271,
          -0.14536709959707006,
          0.006594802776980695,
          0.008863489915287159,
          -0.007426944147526282,
          -0.019717445906185366,
          0.00293502121047822,
          0.017353732529593865,
          0.3133600834462771,
          0.10108668848853689,
          -0.5174232194686655,
          -0.011650956021957645,
          0.0172140106866919,
          0.011998375370541277
        ],
        "r2": 0.9229050444051431
      }
    }
  },
  "generator": {
    "targets": [
      "sensor_199_avg",
      "sensor_200_avg",
      "sensor_228_avg"
    ],
    "inputs": [
      "sensor_7_avg",
      "wind_speed_236_avg",
      "power_6_avg",
      "sensor_8_avg"
    ],
    "na": 3,
    "nb": 3,
    "n_samples": 1439011,
    "models": {
      "sensor_199_avg": {
        "beta": [
          -0.11235714325970837,
          0.512557330711961,
          0.4382136487451403,
          -0.002291282897535565,
          0.0006730264780685838,
          0.0014921831430561314,
          0.09318419687256575,
          0.08186798481622064,
          0.0017406223381772517,
          -0.031474632441083575,
          0.02323177817400795,
          0.014183992531978436,
          -0.02136617360740546,
          0.014677522738346412,
          0.04790536029735498,
          6.133111832846334,
          3.8141737315662194,
          -3.2392993450174665,
          -0.0001656290476392888,
          0.002776033051859702,
          0.004983421189747085
        ],
        "r2": 0.9057271867200671
      },
      "sensor_200_avg": {
        "beta": [
          -0.7944875764442466,
          0.7081779828917625,
          0.09300164513432276,
          0.9848944893008925,
          -0.18644996172946784,
          0.1836380940056619,
          -0.7712592021289014,
          0.04368256385240957,
          0.6822177184449527,
          0.2737780171692276,
          0.0618758337928965,
          -0.2618517870507493,
          -0.4267763974111581,
          -0.014943108434093313,
          0.40622508052527245,
          -10.01006973745762,
          3.8960206218688187,
          5.313897241865509,
          0.016550694599491416,
          0.0011088516998481513,
          -0.007539947679664595
        ],
        "r2": 0.9561624196722321
      },
      "sensor_228_avg": {
        "beta": [
          0.029664996734741256,
          0.020477682496276586,
          -0.02969009045882988,
          0.01082901629606131,
          -0.005094831665732218,
          -0.005629422662395822,
          0.15205489155515506,
          0.5000178969597592,
          0.3001983438677403,
          -0.11261992025454454,
          0.041776037628355266,
          0.09176678741966018,
          0.16242228466082145,
          -0.07426921181209112,
          -0.08963202927903456,
          -2.7810830008082763,
          -0.8321753936291773,
          2.1595841818470314,
          -0.003208669329362268,
          0.004409873633758715,
          0.002256546410080586
        ],
        "r2": 0.8270350569001598
      }
    }
  },
  "transformer": {
    "targets": [
      "sensor_191_avg",
      "sensor_192_avg"
    ],
    "inputs": [
      "sensor_7_avg",
      "wind_speed_236_avg",
      "power_6_avg"
    ],
    "na": 3,
    "nb": 3,
    "n_samples": 1439011,
    "models": {
      "sensor_191_avg": {
        "beta": [
          0.2289946185057165,
          0.5432455523557043,
          0.20679038805307742,
          -0.2612967015589337,
          0.052290621911761655,
          0.209960821533126,
          0.016111346931174775,
          0.008698013465387431,
          -0.0012943475527700545,
          -0.009559049637367352,
          -0.0013406592833879567,
          0.005527079236488521,
          0.14773804725335954,
          0.11620939900479908,
          0.05361900354768498
        ],
        "r2": 0.8885167922869368
      },
      "sensor_192_avg": {
        "beta": [
          0.1203824827319835,
          -0.027186932201664744,
          -0.10385989811024908,
          -0.151879377921303,
          0.6227937164535626,
          0.5202093158233602,
          0.0037593886177345304,
          0.011287772480673895,
          0.007827739334070799,
          -0.008926996777255456,
          -0.000733404457415893,
          0.004913586501945157,
          0.1665597896590001,
          0.08816114790325856,
          0.04537291563136107
        ],
        "r2": 0.8865356948081694
      }
    }
  },
  "hydraulic": {
    "targets": [
      "sensor_178_avg",
      "sensor_179_avg"
    ],
    "inputs": [
      "sensor_7_avg",
      "wind_speed_236_avg",
      "power_6_avg"
    ],
    "na": 3,
    "nb": 3,
    "n_samples": 1439011,
    "models": {
      "sensor_178_avg": {
        "beta": [
          0.27354879980749913,
          0.40206396024236957,
          0.2921159333096542,
          -0.2880140248074631,
          0.19747028867255925,
          0.10022209313931377,
          -0.04627785727489991,
          0.011926937859532591,
          0.05166712342704516,
          -0.005566573891510208,
          0.0013192248308040865,
          0.0047788772816010775,
          0.027721766644850827,
          0.05113872679148013,
          -0.06361070304394605
        ],
        "r2": 0.9389412941590106
      },
      "sensor_179_avg": {
        "beta": [
          -0.3398130034232414,
          0.256989455685476,
          0.07791012837331271,
          0.3252552431186025,
          0.34259524308338024,
          0.31448521457510137,
          -0.0468558933473368,
          0.012364726115860208,
          0.05180899217986976,
          -0.005695871772965391,
          0.0014067430807605844,
          0.004799262819932116,
          0.030872606571594585,
          0.04880348867023656,
          -0.06378756176382362
        ],
        "r2": 0.9389143150173833
      }
    }
  },
  "rotor_bearing": {
    "targets": [
      "sensor_196_avg",
      "sensor_197_avg"
    ],
    "inputs": [
      "sensor_7_avg",
      "wind_speed_236_avg",
      "power_6_avg",
      "sensor_144_avg"
    ],
    "na": 3,
    "nb": 3,
    "n_samples": 1439011,
    "models": {
      "sensor_196_avg": {
        "beta": [
          -0.002430986047048718,
          0.5387089757316984,
          0.39987601576689297,
          0.012641251199670824,
          0.045714769384836436,
          -0.006833708282684094,
          -0.013369268751517801,
          0.0179427848271048,
          0.00583888893238691,
          -0.011474633105514328,
          0.003019540336342493,
          0.008180628525390218,
          -0.07520591819087039,
          -0.017098154432151944,
          -0.027635635689056377,
          -0.017939959476163576,
          0.01401523645805275,
          0.024941069370141022
        ],
        "r2": 0.9131437574523901
      },